source,category,claim,example,coherence,consistency,comments
2,Plot,"The user often incorporates humor, irony, and political intrigue into the plot to create engaging narratives.","In the story regarding ""a lone man defending a castle against an entire army,"" the plot reveals that the army's failure is due to a conspiracy among the lords to overthrow the king, rather than the defender's prowess.",,,
2,Creativity,"The user frequently reinterprets prompts with a comedic lens or introduces moral ambiguity, blending genres to add depth.","In the story regarding ""a lone man defending a castle against an entire army,"" the user portrays Grethon as a selfless lord, contrasting with the king's villainy, adding depth to the conflict.",,,
2,Development (Character and Setting),"The user emphasizes character development through quirks, dialogue, and internal conflict.","In the story regarding ""a lone man defending a castle against an entire army,"" Marcus's internal struggle with his loyalty to the king and the moral implications of their actions is highlighted through his interactions with King Salas.",,,
2,Development (Character and Setting),"The user creates settings that reflect thematic elements, whether for comedic scenarios or power dynamics.","In the story regarding ""a lone man defending a castle against an entire army,"" the contrasting descriptions of the king's grand castle and Grethon's modest stronghold symbolize the power dynamics at play.",,,
2,Language Use,"The user employs dialogue to reveal character relationships and advance the plot, enhancing both comedic and dramatic tones.","In the story regarding ""a lone man defending a castle against an entire army,"" the exchanges between Marcus and King Salas are used to convey tension and the underlying political machinations.",,,
2,Language Use,The user uses descriptive language to create vivid imagery and convey thematic contrasts.,"In the story regarding ""a lone man defending a castle against an entire army,"" the imagery of the king's castle as a ""stone dragon"" and Grethon's as a ""Gray Catbird"" highlights the disparity in their power and influence.",,,
3,Plot,The user often employs humor to subvert traditional narrative expectations.,"In the story regarding ""vampires viewing humans as cattle,"" the plot revolves around a humorous misunderstanding about ""milking"" versus ""drinking"" blood, leading to a comedic exchange rather than a traditional conflict.",,,
3,Creativity,The user frequently uses irony and absurdity to reinterpret prompts.,"In the story regarding ""vampires viewing humans as cattle,"" the user introduces the absurd concept of a vampire being offended by the term ""milking,"" creating a comedic twist on the vampire's usual predatory nature.",,,
3,Development (Character and Setting),The user develops characters through witty dialogue and humorous interactions.,"In the story regarding ""vampires viewing humans as cattle,"" the characters are fleshed out through their banter, with the vampire's exasperation and the hunter's cheeky persistence revealing their personalities.",,,
3,Development (Character and Setting),"The user often sets stories in mundane, modern environments to contrast with fantastical elements.","In the story regarding ""vampires viewing humans as cattle,"" the setting is an underground parking lot, which contrasts with the supernatural elements of vampires and hunters, adding to the story's humor.",,,
3,Language Use,The user employs playful and modern language to create a light-hearted tone.,"In the story regarding ""vampires viewing humans as cattle,"" the dialogue includes modern references and slang, such as ""rizz,"" to enhance the comedic and contemporary feel of the narrative.",,,
