ID,Story Beginning,Story Ending,Narrative Structure,Unique Elements,Engaging Themes and Imagery,Use of Tropes or Clich√©s,Main Character,Setting Establishment,Supporting Characters and Interactions,Narrative Perspective,Stylistic Elements,Tone and Mood Alignment
1_A,,,,,,,,,,,,
1_B,,,,,,,,,,,,
2_A,,,,,,,,,,,,
2_B,,,,,,,,,,,,
3_A,,,,,,,,,,,,
3_B,,,,,,,,,,,,
4_A,,,,,,,,,,,,
4_B,,,,,,,,,,,,
5_A,,,,,,,,,,,,
5_B,,,,,,,,,,,,
6_A,,,,,,,,,,,,
6_B,,,,,,,,,,,,
7_A,,,,,,,,,,,,
7_B,,,,,,,,,,,,
8_A,,,,,,,,,,,,
8_B,,,,,,,,,,,,
9_A,,,,,,,,,,,,
9_B,,,,,,,,,,,,
10_A,,,,,,,,,,,,
10_B,,,,,,,,,,,,
11_A,,,,,,,,,,,,
11_B,,,,,,,,,,,,
12_A,,,,,,,,,,,,
12_B,,,,,,,,,,,,
13_A,,,,,,,,,,,,
13_B,,,,,,,,,,,,
14_A,,,,,,,,,,,,
14_B,,,,,,,,,,,,
15_A,,,,,,,,,,,,
15_B,,,,,,,,,,,,
16_A,,,,,,,,,,,,
16_B,,,,,,,,,,,,
17_A,,,,,,,,,,,,
17_B,,,,,,,,,,,,
18_A,,,,,,,,,,,,
18_B,,,,,,,,,,,,
19_A,,,,,,,,,,,,
19_B,,,,,,,,,,,,
20_A,,,,,,,,,,,,
20_B,,,,,,,,,,,,
21_A,,,,,,,,,,,,
21_B,,,,,,,,,,,,
22_A,,,,,,,,,,,,
22_B,,,,,,,,,,,,
23_A,,,,,,,,,,,,
23_B,,,,,,,,,,,,
24_A,,,,,,,,,,,,
24_B,,,,,,,,,,,,
25_A,,,,,,,,,,,,
25_B,,,,,,,,,,,,
26_A,,,,,,,,,,,,
26_B,,,,,,,,,,,,
27_A,,,,,,,,,,,,
27_B,,,,,,,,,,,,
28_A,,,,,,,,,,,,
28_B,,,,,,,,,,,,
29_A,,,,,,,,,,,,
29_B,,,,,,,,,,,,
30_A,,,,,,,,,,,,
30_B,,,,,,,,,,,,
